0,0,0,0,10,0
1,28382.0319057247,-50169.4619872588,157.280306927406,0,0
2,54499.5845189509,-6085.15813254986,-3563.68683825912,1,1
3,78974.3206256599,6424.30594912485,928.447790329761,0,0
4,20194.1520923864,32926.4785146278,355.850062445545,0,0
5,-3095.49316072201,-35602.8577404784,-1141.4726246496,1,0
6,6257.46361590823,23788.8143837608,4701.54440625234,1,1
7,43039.7263025323,-27412.424196308,1402.24755931651,1,0
8,82115.4832037397,-52782.2779127325,-608.218275492636,0,0
9,25266.1989088571,16107.0059125054,-4917.08418101846,0,0
10,31224.8099441294,-51067.2020986547,-2616.56875150107,1,0
11,58771.2328786721,4536.51731429047,1582.43102438339,0,0
12,83402.6639822,-5840.77108953596,-2015.33262644705,1,1
13,10686.5988933225,-32685.7380410569,-510.262269158432,0,0
14,87187.7036360523,15654.0854580576,-1524.3676469152,0,0
15,38473.7708209185,-3321.24578490784,2011.61908179945,0,0
16,91054.5184317347,-22378.5055682945,1600.83817071878,0,0
17,64827.0975087507,-41620.9825699919,-2235.1402247387,1,0
18,97311.8370151495,-436.127754844705,446.818124297375,0,1
19,2626.74838475676,20936.0682066558,-3230.91190483472,1,1
20,77782.5524934222,-56779.424974514,-1691.34361514084,1,0
21,90971.9535321353,-40884.5224027014,4323.80307525257,0,0
22,42121.6803928492,-40539.0891161366,3545.72762221934,0,0
23,58614.60853848,22800.6203632635,2503.56220441422,0,0
24,52507.4778834754,-28635.6257500956,-3740.35448529503,0,0
25,32485.3914228097,-32052.6710741821,-310.359168098314,1,0
26,3823.16201724267,32933.4041678759,3934.17671696945,1,0
27,50192.2174815583,2251.98048682012,-2645.60113897096,0,1
28,33839.0565656131,7608.85428316307,-2743.45380871419,0,1
29,4376.46861722074,16572.992317392,4876.88135777032,0,1
30,66095.4024905291,-31875.18985502,800.238749466611,0,0
31,34537.8557760779,-39822.05568233,4679.43268090364,0,0
32,49213.5278646015,-27406.0454882071,4185.8509546124,1,0
33,48595.6162643722,8506.68707259708,1742.10093185655,1,0
34,63499.408728165,-41927.4647378474,2340.01676482966,1,0
35,57709.450318445,41210.9324294439,4123.70847180088,1,0
36,49270.1342458855,-5025.05476554371,-4878.29341650044,0,1
37,16298.3428046368,37423.0107252212,3448.98795762059,0,0
38,43883.9620974966,-49705.0861865841,-3731.39601207316,1,0
39,88766.3726406874,16541.583570465,309.327097850901,0,0
40,9016.10298693458,-468.573191613115,-2432.03484246547,0,1
41,63338.1141402902,-51554.7143314029,-4679.54533715853,0,0
42,33947.9128708569,-16953.8902661327,2187.88879558171,1,0
43,82627.5425218138,40270.2536995679,1336.93411895701,1,0
44,70809.110670707,25489.8023060223,-1384.94664607087,0,0
45,51344.6172135077,-7344.44692080893,-3032.63649152519,1,1
46,91719.1016409886,-2492.34407992664,-4214.04279053878,1,1
47,17959.3158641661,18719.7598706306,-2817.60656469916,1,1
48,64628.4267811663,-45552.1338867071,3877.52906670679,1,0
49,36846.8207608463,18247.5207104175,-3009.48155004455,1,0
50,9294.00729784997,27649.0203806292,-2489.6259592023,0,0
51,13783.2761206853,-44444.2755720623,-265.292120008025,1,0
52,57418.9039555244,-35090.3517336535,-4077.34697289443,0,0
53,76195.79578037,7944.43341213235,4194.02634862286,1,0
54,84079.1854145032,-48078.671431041,3486.38889355843,0,0
55,22677.2788242439,-15552.2924974323,1580.47447669605,1,1
56,43449.5476633093,2191.76918775764,4515.04444930533,1,0
57,12684.3750090269,-17432.8155729773,-1065.95877411433,0,1
58,49193.0156396162,32939.7829511397,-3550.31841732604,1,0
59,77308.5604131672,-3613.37315830671,-2820.33921309854,1,0
60,61577.5543996864,33229.0124980786,-2813.6138038968,0,1
61,45425.0269572133,3908.6881956733,2364.94067126613,1,0
62,34448.644333233,-48432.9013831893,-2100.08690725137,0,0
63,37625.1123591616,-42794.2259733154,210.231040443996,0,0
64,20495.5461586141,-2768.4022895162,3283.01093185554,1,1
65,40993.2542915848,33039.2337801519,-1176.38688658968,0,0
66,8430.08283269368,30654.5523494131,-1596.58343438446,1,0
67,81158.0442254749,87.8810729552931,-798.571707983885,1,0
68,4874.63199168055,-19733.8399136068,-3606.47179542604,0,1
69,20642.2102864274,7398.27357822316,-101.527376287639,0,1
70,41621.6837920454,-20737.8230114051,4589.68910712569,0,0
71,3059.5631664829,-1077.96151462224,3682.30623379826,0,1
72,79966.1278541011,28336.2210919821,3805.31322349003,0,0
73,23572.7452914754,-33044.9565869466,-15.2800254691701,0,0
74,40186.0356142548,-1941.26796590776,-2512.61952851783,0,1
75,38016.2073448617,8959.83871236969,2440.34409996906,0,0
76,18719.9497075795,12600.7086112764,157.703438688963,1,1
77,12818.518398305,-9514.53605894186,-2497.41784269516,1,1
78,5594.63218603499,49269.5443404142,-4261.30545448315,1,0
79,6404.71138596122,11411.8659704861,4321.8034440714,0,1
80,28406.1967136747,4837.00375489692,117.590297210271,0,1
81,31450.9350958458,-29275.9501601194,1436.4098556645,1,0
82,21509.2402382192,-9164.90447690234,2586.52511887914,0,1
83,86391.3127094789,12406.3896964986,-199.076466082791,1,0
84,89153.9105745608,-44227.1271360476,4720.1971870091,0,1
85,94869.2618754315,-27234.7059802168,443.748917456872,1,0
86,21205.1544857102,-47153.169992495,2778.10071648827,0,1
87,50892.4072127056,22756.8756609767,4548.50260063826,1,0
88,67405.3820382858,-34470.0687946502,3781.16954032685,1,0
89,49582.9683789011,4524.05694439441,4660.76955278458,1,0
90,23657.4883332196,-19025.0919707495,-2966.64142300734,1,1
91,29088.3878604471,5892.59085722934,2271.08100420293,1,1
92,13810.0359487993,10780.9868483302,371.77027549525,1,1
93,79580.7033341182,-24249.3975784367,2023.07901982124,1,0
94,59872.8807493148,-33336.1456432767,259.357909813346,1,0
95,38515.147790153,41603.2618519945,1239.54732160368,1,1
96,56124.9625058117,-13635.2284789693,472.38123763199,0,1
97,53036.1897201707,-15708.0628666421,-4951.14542322777,0,0
98,21786.9458478719,44364.904396448,2295.92505461028,0,0
99,60886.9431361052,13539.672791431,569.823544339146,1,0
100,44516.2891336902,-46386.7706626169,90.3966593092676,1,0
101,76084.5070707743,-16281.5043160072,-3289.03478129887,1,0
102,-592.523375090794,-45649.6196194971,1372.97543769848,1,0
103,44772.9258507045,25406.0515556468,-2034.00125340067,1,0
104,75891.8721279712,38387.8538547703,4312.5299279976,0,0
105,98000.5609932696,17122.152233455,2678.61529222355,0,0
106,21302.6558248788,45669.9817966869,-1194.27644909216,0,0
107,21013.4201190534,45161.7978819945,-395.039389049573,1,0
108,33753.3463576331,-1079.63782409625,-4915.12383094622,1,1
109,72180.0296755425,42338.2496588077,729.15035667533,1,0
110,68735.307627702,-39917.7230996854,1612.49504487487,1,0
111,35026.3822396409,-31534.9227728493,3825.34109446248,1,0
112,12091.1116316733,-28256.4377742908,1962.96798601283,0,0
113,71129.5191740881,9161.37022140753,-1056.41046786072,0,0
114,10961.2836926118,31111.0475127868,-1403.76417739381,1,0
115,94205.5383762961,21187.7267813905,2707.5497496381,1,0
116,90156.5115894389,-12472.507360667,3163.45508978164,1,0
117,52738.5186165682,-33807.2597611764,3327.78964786702,1,0
118,59707.6388226719,16629.9629302971,3314.89293692264,0,0
119,58459.9685943186,29198.5707937608,-1068.59117643579,0,0
120,21404.2353023294,44631.4364717949,-4564.11209866307,0,0
121,48399.344710997,-50813.0729481804,-1324.01266413883,0,0
122,64276.9742664384,13284.5687412261,-51.4193324121556,0,0
123,25939.04731246,8900.45954634296,3054.11490170475,1,1
124,31564.5189885953,-22139.8181327332,1338.746508605,1,0
125,6923.230881133,19524.64116694,1283.08763833322,0,1
126,41751.5637047796,32341.0725043893,-1330.04825277413,0,0
127,46894.9961778994,34685.175043998,1537.73999921104,1,0
128,23978.6329045743,27308.7158376971,-3233.53170578086,1,1
129,92916.5756413152,36457.2687686573,-3180.97145779255,0,0
130,47804.7881780612,-47036.014789925,4817.54087025566,0,0
131,81799.5744518931,-48591.3861575136,-1512.49627159501,1,0
132,66367.0001618367,37424.5206612885,3072.87848052948,1,0
133,69291.8355809195,-14627.5264240329,-416.88615051273,0,0
134,67417.9114940006,37812.9773264497,-628.777632311181,0,0
135,80024.1415055211,41346.4694879734,-3056.85070563294,0,0
136,25385.7602324031,2210.80379640375,1652.59620512922,1,1
137,60481.539279853,-14831.3719952446,4111.19250286575,1,1
138,16842.5818797781,42550.4665279036,-318.620190977256,0,0
139,15221.9156296336,45927.1081688889,-2604.44055857031,0,0
140,95375.0747464175,-38222.9659443091,-921.188706797685,1,0
141,77208.2382168556,-4024.19658602457,-2.33371997512727,0,1
142,52528.0660487201,-14.1570287455265,4973.99286256127,1,0
143,34155.9357689175,21124.144878223,1987.99408840701,0,0
144,75364.7509690467,-20625.7565667442,2129.58660270163,1,0
145,5334.20310034963,12327.9192189515,-836.096195683818,0,1
146,8980.50054330421,-40654.8111315014,-4654.49237486333,1,0
147,36458.8073986614,-48900.761032583,1740.11501072072,0,0
148,38697.5561554165,-1255.10934410269,13.8934241085867,1,0
149,74896.3394733485,-25383.2890363265,3705.56155151415,0,0
150,63795.0875534328,-29530.4856693529,-1384.04346303283,0,0
151,33578.6158142335,8617.49695801478,1440.90392341856,0,0
152,14228.7432175118,-28374.9293109734,-480.680034566937,1,0
153,60488.6141309805,-24239.3969146773,-4091.4542239025,1,0
154,56558.4852164769,27122.476944413,-3892.58194472522,1,0
155,43545.9562856087,1734.2856280623,338.922736306473,0,0
156,93463.6587535447,11499.8691985366,-4317.5758789973,1,0
157,47825.8675121259,-39968.0991945391,-4056.68702570613,1,0
158,83199.2234672257,-50262.6594809813,-4901.83030834943,1,0
159,31853.7329420543,10286.9675197992,4983.93041497457,0,0
160,54226.3426883432,-31610.3752853649,2989.98222709714,1,0
161,83008.8101176778,25914.621540666,-2927.57593571491,0,0
162,16460.6854519558,-13628.3571658133,-2648.662126514,0,1
163,19635.9997982929,16417.2199356637,-3397.11482393063,0,1
164,60046.8327801222,39995.0307649298,2033.05547614628,0,0
165,24077.8864149376,-14609.6292859535,-2645.21889888259,0,1
166,70100.0541767982,-1283.7992039906,-3229.72166517247,1,1
167,32943.6525779839,13374.4621501966,-2057.39016907598,0,0
168,65673.5640569021,-47536.5229792622,-2982.03604456796,1,0
169,33960.7890434586,-31772.4669002762,-3580.87224024427,0,0
170,40163.2282961819,3049.79073056556,1541.63747779396,1,0
171,45100.5586630923,-16804.1216679028,4305.06328140385,0,1
172,69252.4162712068,-356.525184131571,2225.75990373424,0,1
173,59848.9333917446,-27979.3291937396,2183.32788760365,0,0
174,94084.7098290721,-34938.9310477229,3776.28962453722,1,0
175,58634.5143828191,37582.2039010452,770.10303720826,0,1
176,13345.8376165532,18788.6808165353,-4644.34846993465,0,1
177,26911.6305643722,-39297.3325023246,4236.93837799147,1,0
178,5639.31633817533,32785.160110269,-1285.04244794,1,0
179,88982.7529461464,-47088.8982445708,-3587.31383188749,0,0
180,4222.57179151634,-8230.50490609142,87.7240939923056,0,1
181,80053.2212999942,20115.8782753947,-3711.60903855536,0,0
182,83865.7185936635,-18834.4919547332,-2694.25067174771,0,0
183,45141.5143660139,8259.15063449094,-2349.88924539972,1,0
184,79941.1468416793,-26494.971151809,-2133.60683188284,0,1
185,75422.5792556678,39263.6867928904,-1254.16285785416,1,0
186,63842.4913319943,-15384.4098330125,-3600.66956466618,1,0
187,88266.4270907051,-28376.9006496337,-3619.68732835133,0,0
188,51556.0679307871,-47401.6424695687,101.042147725478,1,0
189,64991.8482449598,34650.9576921558,4289.77092169572,1,0
190,38805.7671484124,36903.5015903995,-1166.10877516251,0,0
191,55335.3789803445,-31144.113078759,-2769.05210664176,0,0
192,37431.2078253149,-20994.4135877446,4169.63015467193,1,0
193,49732.3024133394,9017.66270636121,-2931.29218104823,0,0
194,58691.6240440739,8721.9868638208,-1144.78782372826,0,0
195,85329.5154431082,17294.4523784773,-602.916550529553,0,0
196,77723.2782104193,32216.9444064548,-2533.21035143829,0,0
197,86037.1680897178,-50903.7211006613,1042.52569990646,0,0
198,61207.8148040719,-8099.34670618627,1606.30430627789,0,0
199,23478.0431348696,-4929.29252028133,4527.57327704678,1,1
200,12733.3696744765,5542.65447404202,-1269.40786433161,0,1
201,63483.1798103077,33480.3771141969,-1010.53211509106,1,1
202,2124.07870819787,-11760.4189794563,2138.73794184916,0,1
203,37706.5577040408,41794.1707512267,4955.42105960652,1,1
204,94435.8833695772,10885.2239260952,2588.60222255355,1,0
205,188.20972773619,-10985.3386041163,-3964.86110613252,0,1
206,61188.6221946488,-5333.69560876272,433.605083191349,0,1
207,53285.935089073,23886.8779751183,4690.15569043962,0,0
208,13523.4038663903,-46528.3608277388,-1355.93569910045,0,0
209,43492.3059544121,-43461.050354376,2396.90853764372,1,0
210,21465.7479115795,2525.34777314466,4541.02766805006,0,1
211,5662.83324783196,-12701.0647041196,1804.56033316866,1,1
212,27331.2872325473,-35139.0328244081,-4549.56794510139,0,0
213,55002.5199085078,-44539.0036492163,1598.3711864519,1,0
214,74641.8472077112,-1289.42408133829,346.3231380938,0,0
215,33901.1733109159,-11768.7098007222,-1581.64374450543,1,1
216,12785.948698929,-42368.5001775857,4185.65015038098,1,0
217,21696.7986237787,18553.3307639876,3691.80528104287,1,1
218,41003.3486264045,12748.0522209608,1010.28806595284,0,0
219,101455.92888407,30352.2905336219,-2379.16133000269,0,0
220,78326.0149361396,-31543.9827757566,-1802.84306546101,1,0
221,24982.6318774342,-51708.4529504414,3650.54329277716,1,0
222,19499.3242085847,-49673.7114087805,4481.89448415081,1,0
223,1628.03852163828,-39062.5859143603,-4570.1555616591,0,1
224,26182.8487972727,-52565.3339908701,-800.244959961115,0,0
225,75171.5792493961,17359.0501541029,-4308.50981928768,1,0
226,84023.7807770616,31068.6499318243,-4639.30437958539,0,0
227,66667.7271189499,26866.1336092474,-654.50982002166,1,0
228,46504.2257693514,-51114.2699084601,4484.71623511979,0,0
229,93293.6935503344,29384.4497281416,2614.24232076285,0,0
230,89742.6826877181,12398.8680577117,2562.80114648571,0,0
231,7258.15322693567,30516.2647416038,-4965.57399932252,1,0
232,32928.574263523,-50673.6282605039,-3832.37450335297,0,0
233,43560.6361887433,7696.05300423584,886.89912343272,0,0
234,30352.9930508209,-21044.3796105065,3225.35847610896,0,1
235,8872.75390783028,-42882.8751974121,4246.68962562081,0,0
236,61159.476501113,31017.255841487,1865.3858114246,1,0
237,32988.9372444249,5474.63018265268,206.70577701063,1,1
238,15338.4239565394,-20069.8068673843,-466.914186597794,0,1
239,30282.8840347139,-595.914320733063,1213.74206702131,1,1
240,97528.7023922067,-14194.664063138,2435.58030415627,1,0
241,55162.0658586832,28422.8301613202,-944.767483850543,0,0
242,61253.8354043678,36708.0614061533,-4850.73740301742,0,0
243,72939.0004725491,-50793.0696351434,4979.75733268328,0,1
244,40167.5792199723,-9823.28472895234,-3497.04978644408,0,0
245,63526.0865312151,13779.813306645,-4868.81673004874,0,0
246,23396.5609892055,-46163.2613189505,-4788.53805608083,1,0
247,70686.221399125,-31355.4041020554,-4591.10051073536,0,0
248,81383.3346999694,4075.38991648319,-255.310910773589,0,0
249,15316.7801863488,27497.249470179,3420.74478715871,0,0
250,60758.364644395,-782.156163670784,4056.76578078147,0,0
251,65864.5515034531,25849.7375485039,95.0690775567443,1,0
252,-3264.61258903407,-42315.0829257563,-997.37866459967,1,0
253,33489.0994719243,16547.0905659288,730.50510764272,1,0
254,98974.7193175012,1647.40625813043,1401.82875903543,1,0
255,28279.2783081814,-33840.4501591556,-204.683368519913,1,0
256,32783.6575368062,34805.4868356569,-1958.47102563637,0,0
257,32864.0892919224,-47910.6955834117,4175.07493395319,1,1
258,80219.3323377356,-32472.0265032315,4617.54168546325,1,1
259,9613.01965540269,31305.4710004518,-542.838784767569,0,0
260,21055.4491683274,-34370.449111344,-3203.44986659404,0,0
261,89992.9954826698,13354.8270553103,-1793.98451322787,1,0
262,70418.3827982167,7458.22718708441,-4256.28183056488,0,0
263,59998.9950532526,26449.9282378862,-2576.88678807875,0,0
264,55751.4264409682,-42160.5955855383,-4042.57945675778,0,0
265,59050.3544225674,11915.757527692,2333.43217902849,1,0
266,87761.4597078447,-21217.6368361921,-424.155218093558,1,0
267,36169.0059799869,17701.2409468035,194.745146617855,1,0
268,79845.4649765238,-29120.7697348827,-4377.13383060137,0,0
269,83813.832919262,30631.4142063214,1625.56768234938,1,0
270,66367.5603287107,33503.1024233777,1319.63093145634,1,0
271,47595.683112231,-32114.5972154861,3378.987315441,0,0
272,73983.5665651735,-28387.7052364885,-4529.09290101583,0,0
273,76812.2149343989,-9351.75227158818,3586.83359357099,0,0
274,9644.66406502539,12770.0794002941,3136.31735562146,1,1
275,14785.2767950794,23907.1946744596,-2464.41892392378,1,0
276,90703.3145819108,-15017.1971248994,-3634.93876160835,1,0
277,84697.0729466514,-3309.65250108227,2788.85611905198,0,0
278,50416.1250462091,1224.30601294264,595.457030124407,0,0
279,8152.45993650061,-5229.43193060911,-4255.91914935354,1,1
280,91723.8365924456,35987.1319348307,-1859.29087260777,0,0
281,16917.2961856225,47354.1803324983,3018.22330979714,1,0
282,46502.3851665848,7235.59571079118,1420.79557412973,0,0
283,95993.8955973848,-33581.577268182,-3041.51035875979,0,0
284,68043.7163818765,-14577.0661369949,1405.56103781255,1,0
285,9320.27807838303,-8279.10291337298,4805.46739844533,1,1
286,76829.6749734227,5441.39085295146,-672.831178035724,0,0
287,80749.9659562053,30921.6202617589,-2540.72228969511,1,0
288,59620.6377228294,11948.695249331,264.938385904096,1,1
289,16731.4551107249,-35056.7065072763,-3941.20643469062,1,0
290,20220.1795063563,20796.3724814712,2446.83338750692,0,0
291,7922.45779527276,-15365.070634261,4886.54322603295,0,1
292,76855.3322615251,-34813.2738205618,651.855699192931,1,0
293,21212.9477371383,-39977.4279063772,3612.89292857687,0,1
294,21785.7519977707,5129.13466387836,1846.49111729991,0,1
295,98765.9430524004,26868.1513728216,1378.07558573307,1,0
296,53431.3440885556,34700.6897658739,2252.88827838017,1,0
297,59619.144250545,34893.0826447779,1928.08505802871,0,0
298,12206.2373527822,-8795.44052059458,2749.92195125089,1,1
299,90522.5926944798,35690.8719253675,-3771.26860399628,1,0
300,10792.5764262973,-42089.888890789,3410.21095009528,1,0
301,80921.2201986825,31382.2035738878,1502.06940076247,0,0
302,94316.465293932,496.803739474741,-968.954671276711,0,1
303,16203.9465943572,-5041.47642480464,4939.00166429135,0,1
304,91934.6136960137,-16930.8645115099,-2308.4524086566,1,0
305,100457.478302894,8164.18531431821,-3712.64983322423,1,0
306,49603.2249400605,-3690.80238533095,-1698.95679462521,0,0
307,77010.3743306844,-23517.6649878664,2411.02242767307,1,0
308,63767.7461703952,-37918.3779257559,-209.306851336172,1,0
309,52787.279465397,-37335.0812170449,-2152.86400657356,1,0
310,28559.8461174099,42255.6617603507,-829.48378758551,0,0
311,20569.4070096828,13661.5910794633,-1263.33005028171,0,1
312,53540.0413555745,-14393.9041223156,947.264772184517,1,0
313,80130.7883195159,39195.3089416562,-4186.96141840588,0,0
314,88361.26246326,-22550.8892919005,-2603.94462002247,1,0
315,63791.8234044273,6554.0347668564,3810.05370936109,0,0
316,45047.073469974,-13714.8452157404,4988.95579144407,0,0
317,66766.1572199845,-25712.8411386838,-4846.77388819257,1,0
318,40241.3762507718,-42639.7592633669,4442.87854489387,0,0
319,92661.8741311759,-20150.183476783,-308.372225506808,0,0
320,86803.122396785,-50602.9762106017,1025.43268802044,0,0
321,56482.3935750715,-44762.1263630686,-3055.05956622163,1,0
322,58738.5092353245,-33992.1447835676,-2451.24854192148,1,0
323,88795.6960637262,-16918.4086966434,-474.704175901651,0,1
324,3428.82813166932,-40295.3669958779,-2278.39081710169,1,0
325,75306.2329097819,34588.9415007656,2415.4567094183,1,0
326,59338.075353472,-20290.1079312279,3101.09506784902,1,1
327,40759.9487574088,-27826.0018828812,1058.75831207235,0,0
328,59885.0385741105,16622.5772775647,-1899.93662277055,1,0
329,40312.1045950996,-27372.0275271369,-1573.36727327129,0,0
330,22956.380638954,36301.1130779483,514.069146786921,0,0
331,10573.370423925,30494.3017166368,3827.47371216234,1,0
332,40679.6313645638,38577.6795824716,-3020.03300988739,0,0
333,8631.44616676911,-45906.14961249,2220.80879940007,1,0
334,56548.779442046,41286.2710188048,-1952.20406554441,1,0
335,63665.5595827997,-16518.571908851,1159.40669161919,0,0
336,34098.0759368318,-33699.2220504682,331.338330290386,1,0
337,29051.9927786978,-16001.2060974984,-3696.97957707724,0,1
338,54588.9239763665,-2736.43291156427,2900.02875122972,1,0
339,76218.6205054596,-40797.1234973552,1244.2248053206,1,0
340,72924.9344492149,-4597.28488108664,4742.26012377628,1,1
341,80251.0693465931,11861.692277388,-3194.42346152665,0,0
342,28990.0228746409,37983.608464412,-4615.78533033414,0,0
343,28887.1466899394,-11209.0084166853,4502.95742656374,1,1
344,13919.9608627482,-13391.6228598483,-4215.98068477382,1,1
345,41491.3184979269,-27176.2302137739,-3589.61555802924,1,1
346,8844.77677485399,6954.83766779416,365.398309040232,1,1
347,68628.7685098109,27748.1752696505,1507.26905970864,0,0
348,38934.4140633446,25105.8644660582,2740.19780679205,1,1
349,45109.5095692729,13780.5303792554,710.214936610024,1,0
350,96279.2276415429,25046.255403388,-714.043091351048,1,0
351,37023.8773737006,-2768.58551941315,-4902.51032937918,0,1
352,29717.7047807416,-52221.8054231618,-3605.44092172951,1,0
353,66660.5996023925,-27347.8229371672,-1301.36754752457,0,0
354,13962.8944645839,6697.62801164557,-2727.90800633618,1,1
355,33407.5862657766,44763.937471516,554.164005627989,1,0
356,84613.2173845691,-39622.4054492784,-1936.12045866217,1,0
357,11234.5598125238,10232.7925672807,-3993.86536796163,1,1
358,17352.7349827562,31782.7377681112,-2718.53287429041,1,0
359,71432.6142546065,17416.1032710104,2681.57525708901,0,0
360,86951.2655503086,41826.7498869593,4978.76280659691,0,1
361,38448.9260219546,44370.7605283794,-842.88765759659,0,0
362,75914.9434439745,-34419.8804166303,3922.13560360707,1,0
363,28047.9487510452,-47337.74717135,4871.35238098157,1,0
364,95679.0394962779,-3484.2157887197,4632.9587918483,1,0
365,9419.1438567888,-17270.8844320678,1090.76394467178,1,1
366,30330.7163257427,-2003.90249335019,2292.85088017919,1,1
367,10543.8694273292,24387.1730545302,3723.44151645938,1,0
368,87808.3757214023,2940.6651338159,-4730.73310779436,1,0
369,61460.8905530153,-1257.13496527907,2220.4977929752,1,1
370,88704.8824100413,-4397.9099984398,-1557.03493095276,1,0
371,38610.5953063848,5973.62909885668,-3638.75813366162,0,0
372,63280.610294682,26541.3921391182,-4102.04328686405,1,0
373,89272.3517835177,9383.41787187427,-4982.67844251708,1,0
374,65074.3019682123,37778.3192517365,-3323.67065851693,1,1
375,54795.2803333194,2579.18401618909,-2518.89536511562,1,0
376,14929.3019140798,31496.0829846493,-1038.13493155947,0,0
377,55455.7578045525,-12365.9963860433,-1123.846981008,0,0
378,16111.980415899,-35424.898789301,99.3481374778415,0,0
379,61104.809146037,-16570.3163954726,-1169.14081687813,0,0
380,17695.7985160233,43400.6104508896,1860.2462310087,0,1
381,87368.2580550899,-6614.86471184898,-5010.43916621461,0,0
382,96542.1248592959,-24543.2403587966,321.189056138605,1,0
383,79426.4348345105,39316.089924017,1252.49004805299,0,1
384,90422.1430050835,-39836.5575377485,-3347.32559125941,0,0
385,2088.94994738555,-27290.6536847007,-3880.24211381304,0,0
386,62035.7417346056,38501.6522308461,3432.6252769435,0,0
387,21841.643300319,47618.9305473164,3805.80809721526,1,0
388,78302.8069636654,-6707.04310153792,537.686841864342,1,0
389,75037.8609055383,-25660.6913464651,-752.935132754385,0,1
390,29693.2838610669,37501.3080365987,2777.72668082306,1,0
391,66872.4795079224,-38831.9316184092,-2390.50752006326,1,0
392,8845.76479100064,32520.7591890504,-300.302831892913,1,0
393,12964.9504775283,-3395.57852830823,-4621.49486611648,0,1
394,64204.081420363,-35290.7124025786,-902.885927931545,1,0
395,79833.5162306968,-43485.6619631604,1622.91736475731,1,0
396,82494.2496786701,-35248.1297430081,-1936.33625225249,0,0
397,83500.3590380429,163.239566034542,-504.74685114087,1,0
398,40787.5745207483,-44319.9684232615,134.872899037505,0,0
399,44264.7339168339,4873.33303588442,-1994.50252045791,1,0
400,78369.0077256854,-1195.36957186926,-2912.41334138532,1,0
401,9909.32557683845,-27278.8034956588,3517.34125689881,1,0
402,89017.2604657347,-7871.29142967934,3510.17660148572,1,0
403,71316.5339522789,3792.09529784241,4218.60565814856,1,0
404,11751.14501025,41234.9945767591,-3068.15876901418,0,0
405,82356.4008888542,21811.0248658137,1772.45510765651,1,0
406,74097.4671001545,8669.72085122503,-3501.98747236045,1,0
407,64877.2316342437,31989.1684792759,579.495223072385,0,0
408,39227.4729323664,-44552.1685033095,1277.58763819647,0,0
409,10065.5357627461,40808.3764264545,-1123.74593866567,1,0
410,90465.539120549,2092.57027387712,-4402.42376544693,1,0
411,74894.8107102217,-25785.2857051592,3400.44875390902,0,0
412,44290.1425919568,-52077.8119356081,-4465.81849930203,1,0
413,12612.8446556909,47434.4281902963,-3488.34925735586,1,0
414,73155.4555570312,42234.0590358475,-5000.86366292514,1,0
415,85677.6043039528,-44883.622056293,-4554.45125482378,1,0
416,1252.58229367588,9578.87279558508,486.221717175811,1,1
417,17380.789430535,5668.42246392562,4790.77683440751,1,1
418,43447.9711602729,1693.60921526148,-2750.96645698332,1,1
419,22532.0864548646,-44855.336371411,3674.72543280534,1,0
420,61821.4359197874,-53452.7052707382,-4724.21273921848,1,0
421,94161.1184527095,-4073.75587161662,4789.09376798168,0,0
422,91442.7906214909,22394.8993037189,775.835328901415,0,0
423,70166.1611748112,-52481.2316455876,344.093136145746,0,0
424,69605.4793392586,-12019.0089166279,-1279.91489308079,0,0
425,84404.1536713288,-2260.20273434188,1054.37375244711,0,0
426,23738.9554593892,42335.738668272,655.126602267904,1,0
427,52607.0353802391,-39652.3388114022,-4480.2397813581,1,0
428,10490.5553386775,-29857.0909449117,2670.82692070462,0,0
429,7519.4113678891,26003.5957987201,2860.22910964268,0,0
430,61967.8270440612,25152.1419036523,1177.30515036311,0,0
431,15747.0162865547,3598.86716673204,-1917.85658365921,0,1
432,474.80160672647,-29222.0180501973,-312.143806814178,0,0
433,13840.619777516,-28154.9057882417,-48.1240871820466,1,0
434,69268.1689794844,-16285.3419823164,-646.29339256338,1,0
435,82467.2274401155,37143.3425483879,2953.89699329994,0,0
436,85996.5134327743,-3771.84430349119,424.257618351709,0,1
437,101589.92484772,12780.4198750772,-202.789411458604,0,0
438,52437.2571071954,-34783.8477252308,800.758759167628,1,0
439,61788.3430035086,-27981.7245825912,4430.36710515254,0,0
440,36156.9412291398,-6484.52370762408,-4768.44883158905,1,1
441,30321.9582858025,44727.7927700429,-2569.50914755924,0,1
442,18141.5357416628,-34666.0073046604,967.495641934944,1,0
443,95264.5773989068,-22941.1456103645,-1147.23563874732,1,0
444,95112.7373372421,-14234.3975437751,-4978.67229881414,0,0
445,72295.3242501955,-53133.5232909705,-1314.21980418926,1,0
446,3751.47150764669,-41205.313162214,299.552290138589,0,0
447,67680.6667961447,-18109.8007607434,4839.81715282534,0,0
448,72428.4578037551,6395.38448571263,1947.836518428,0,0
449,94243.4244012168,-43063.5218755174,-413.511947266098,0,0
450,64631.8298834235,9225.2362381221,-712.412939287689,1,0
451,31296.6089163318,27631.2203594175,1620.62902527917,1,0
452,5694.76356595138,-15340.7212469496,3573.44030164615,1,1
453,52758.6707912547,-5603.81739188852,-305.576055346303,1,0
454,43701.7659070159,-40966.0983010532,4599.62316905634,1,0
455,46300.7441203548,-46942.6611145843,3682.05986603432,0,0
456,-2228.46269120666,-43660.0029273794,407.850868553253,1,0
457,67323.390240146,-4100.73003391189,3283.46168996688,0,1
458,74437.9326273432,26843.416265973,-2382.8716001514,1,0
459,-1201.01221190198,-39165.3847538806,1711.61919165562,1,1
460,10827.6972149206,-36302.2780965916,-950.183421661975,1,0
461,50343.8968176858,-1745.68820148222,-4043.33733442098,1,0
462,48990.0198005674,-8662.36583860567,-3880.8834551688,1,0
463,38675.770779319,-52217.8113954094,2862.71541420782,0,0
464,100707.67835342,16430.0063898029,-1178.0213762273,1,0
465,53289.411749169,-49689.2017995492,-3761.33052993731,1,0
466,45248.0674216324,-11395.5463130937,-3277.83277470605,0,0
467,37095.9341898526,660.216214414436,-4289.44837049556,1,0
468,48812.1868754535,-8025.61813914964,-702.670785999579,1,0
469,69124.8414506502,24440.9258585129,-340.505983463738,1,0
470,16258.0165611021,39955.9247867854,-2929.09338199457,1,0
471,44367.8591312125,-46251.1001629276,2278.984904878,1,0
472,81011.3641195258,33172.7600599261,-1745.15161770038,0,0
473,51594.6744721356,-52926.0267785786,-3902.40217215277,1,0
474,47110.8256002731,20512.2365484542,-1578.88048890677,1,0
475,73830.9960317126,-25350.1439523673,3133.42315035924,1,0
476,64550.2850774523,-10745.09342999,-2025.11615739207,1,1
477,95208.3879267098,32100.0811155395,1368.02885731769,1,0
478,88357.9421721768,-45720.8926569609,1270.48037604646,0,0
479,82259.0461407289,40739.9571144659,-4090.30713636334,1,0
480,49417.9606030257,-19900.7716788882,4015.66423549841,0,0
481,78221.5074818464,-18933.7507649214,-1010.92828565516,1,0
482,35008.9468440185,20809.8340156845,1113.65243684827,1,0
483,80749.6062115062,-16280.668916179,-2181.83096878266,0,0
484,3344.65114961345,-10600.6026180872,4837.51505270501,0,1
485,77715.2240448443,6162.99954987854,-255.401839199699,1,0
486,77459.7175185429,-41899.6425357673,-3129.38280067935,1,0
487,14908.5639927555,-50036.6103858965,-2067.16215131032,1,0
488,77796.8345298793,-29547.74720078,-172.829050197308,0,0
489,94665.5786214126,-52856.6441567272,1653.69503889543,1,0
490,46893.970180366,-45701.4989050079,4674.51204030099,0,0
491,85685.287121937,-35213.5855061356,-32.5210808796358,0,0
492,9102.50218194834,10100.2020274644,3226.27880801394,1,1
493,89990.6383489292,-43580.8546434927,-642.627999885333,1,0
494,97386.5773710784,13222.1336743915,-359.681735251681,0,0
495,34265.1855517358,20362.0088599621,340.190641397284,0,0
496,34881.1927665182,-14481.6809150816,128.759909388527,0,0
497,95885.0102948282,4214.69049852173,-605.695998145845,0,1
498,9259.40275252435,46578.0545208794,-3528.16837378069,0,1
499,49299.0302320219,-18196.1682619906,1539.71397799392,0,0
500,86727.8937537345,-24690.4382682715,-3563.49901029163,0,0
501,92020.988247491,-875.756546598523,126.74007112359,1,0
502,38225.4546475091,-23857.2944410086,1124.90009054661,0,0
503,12010.0031798659,5846.16001252073,-904.78434463196,1,1
504,42525.9523100512,-49917.2292589498,141.077940456613,0,0
505,9064.42340463029,21068.9398340979,3911.98046673007,0,1
506,28093.244971089,5986.18883400647,-2198.45464643115,1,1
507,45545.6066198186,-21969.4453397705,1696.11820599971,1,0
508,94742.1007854774,16356.2219488141,984.076138828615,0,0
509,21350.0990779602,11390.5360546768,-3542.57323874978,1,1
510,19189.6227082149,-41971.4481706353,-2850.14907189794,1,0
511,19271.0803732055,40059.2777686188,-2497.64753891972,0,1
512,32702.4484871663,-49038.4275778399,-521.087473801661,0,0
513,71898.7207968025,-6261.10786681797,4888.51890734791,1,0
514,84671.6901303615,-51895.1514327084,-687.855453730466,1,0
515,63869.4440400393,27673.7825121925,995.239789280539,1,0
516,75759.0199414421,39866.6468107897,939.254074198894,0,1
517,100784.806820555,17824.7585739211,-868.095073685814,0,0
518,92037.5329984041,-8335.00722404342,-1815.23552890557,0,0
519,41677.7487720581,45701.0292081683,-3894.97792938416,0,0
520,69378.8032968919,-10289.1748827905,-2345.50816408185,0,0
521,9515.56519044881,-529.244380577351,-1357.79907983813,0,1
522,60840.1154175844,-9747.17137620647,3471.46307848727,1,0
523,91328.6773956422,-56714.1546509167,3154.63883981138,0,0
524,44280.141589047,7883.63177814624,2829.70519808988,1,0
525,59395.6947344138,28723.4773123925,1385.04501409036,0,0
526,68658.7550272392,-50952.995340153,2700.26024945088,1,0
527,1831.25368159241,-11856.0938940613,-4340.46501416211,0,1
528,93032.8996680195,10567.4507959031,-3120.99025407538,1,1
529,5068.56235493077,16665.4664307165,3461.69673307572,0,1
530,91030.0480940997,-7551.89947653103,-1813.15739066605,0,1
531,56304.7938823305,16749.5500289598,4378.56456608873,0,0
532,94393.2325254866,-46811.2643791904,-3110.23204455983,0,0
533,54592.8188202737,28687.5121289182,4266.92741954937,0,0
534,34837.111637154,-11381.4702195254,2296.38166145956,1,0
535,60511.9791318104,-7185.9712985802,-4916.44927911911,1,0
536,14860.6193248174,-20646.7389745991,1134.18465570564,1,1
537,21621.6470867531,28602.647219882,-3843.64125221997,0,0
538,65708.6065902957,-12446.0803878385,1329.29301223409,0,0
539,29435.9606335737,-39300.4536661022,4282.63865552597,1,0
540,49391.4077595197,-186.878246343899,3023.6113540066,1,0
541,56132.06131229,5534.20415639737,-3888.44822135894,1,1
542,72855.0263530532,38346.1448713781,-2808.81927952723,0,0
543,53089.1471172704,-9287.55012935635,-4998.80151365085,0,1
544,7348.58092942001,-46391.5921517417,-1167.19483099622,1,0
545,2490.30349293263,-27740.9741258748,-2946.62947036512,1,0
546,37884.1065568087,-46047.1760182361,867.651194758564,0,0
547,72267.0283216195,-20394.2914952108,-3175.22823140224,0,0
548,65455.628480614,-42117.995886144,1772.4611473909,1,1
549,11941.7408062867,-42821.2425886041,4087.62969034738,0,0
550,94482.5961606963,-57843.8195811221,885.148810625634,1,0
551,74736.8181548366,-34759.6075828978,-611.636300365803,0,0
552,14319.482198354,-18950.8453914859,-1353.51132896879,0,1
553,38785.038093455,-27240.7026319783,-2470.89536892183,0,0
554,91378.9087390081,-50389.9170243234,-188.686406108683,0,0
555,78771.1758672346,-4982.67011183341,1085.24387570168,1,0
556,67229.8243910596,-11372.4707691893,-94.7330258682583,1,1
557,12050.7044498346,-22606.1132978451,-1825.83248376175,0,1
558,26287.2506237383,19061.1421905053,1461.45093295574,0,0
559,70236.5567292992,-39970.0016381022,-507.132344539797,0,0
560,97641.2729932645,3622.7872071441,-353.531683836424,0,0
561,67766.4179724409,7554.89958493085,3810.70608763915,0,0
562,24639.7396607058,-4572.71801001616,-111.435065199161,1,1
563,3457.34609107478,-19485.7782801639,1653.43841005173,0,1
564,40828.8461774161,-38004.7720518514,-2421.34196137374,1,0
565,45392.1403545654,-44159.4663099545,2417.44349196512,1,0
566,75239.8937926898,-2223.54690115253,-2231.13926734569,0,0
567,61547.315929638,-48111.3821266746,1671.99891980127,1,0
568,8474.30414776258,-20591.7588472829,4394.15757156175,0,1
569,22336.2005807212,12305.1459386586,-2664.59939092984,1,1
570,91562.1351166226,22061.3432860147,2762.07756126961,1,0
571,25436.7586333766,-18241.0539772738,3121.26310387135,0,1
572,51405.3876198863,35943.9874875437,929.890973221103,0,0
573,30652.9158985236,-19114.5505874808,-4040.93035776562,0,1
574,85575.4472615094,34784.5955916431,3311.41771097943,1,0
575,69536.8091131719,-42196.6240217542,-2327.89392563739,1,0
576,74650.7707304955,34933.3914447071,-428.292852551679,0,0
577,46577.1756562974,35664.5731111436,-636.063902564154,0,0
578,11477.9791113573,478.163610014086,3505.02411346768,0,1
579,16936.4853347349,41628.222621405,-244.033845867224,1,0
580,66269.5439676107,-31755.1034070418,2792.71995265083,0,0
581,47753.9830134431,10417.3170404995,-2926.40281253102,0,0
582,83281.010177449,-47954.6941103542,3855.5476093721,0,0
583,80467.106439875,-1333.79231981381,2742.75499888243,0,1
584,67064.2603082564,14203.8392076574,-2816.08969268561,0,0
585,68555.413497901,-30893.2134766364,-1688.22057475699,1,0
586,19018.8700388912,-44308.8519746505,-4471.27236179126,0,0
587,97612.2860833802,29532.8893823393,1804.99592303243,0,0
588,47005.6867097396,-21863.8743464846,-1365.19047504327,0,0
589,80321.2453004522,24741.5411951861,2821.80087176938,0,0
590,22590.2220014346,32353.8760484183,-1114.27579658353,0,0
591,9217.78858754938,19964.0677179132,1919.94516728061,1,1
592,53862.7479995722,30741.1764567294,404.985335721326,1,1
593,89084.6894962411,-20301.9576716457,-1531.78128602403,0,0
594,81275.9495481873,2249.15480403792,-261.434023051643,0,0
595,47180.8619054333,-23588.9702133008,-4402.49040330801,0,0
596,27422.8619935955,25663.2666101231,-4499.79361212835,1,0
597,61150.5376855127,37144.4065967824,-1708.16552359037,1,0
598,56941.8344255752,8902.79366573147,4839.62707002302,1,0
599,61726.6279301245,34312.0153574574,-993.119792670184,1,1
600,8924.93820761901,-23509.4410281121,-1267.51541835715,1,1
601,71459.1628907263,21748.8603705597,-2020.98593618023,0,1
602,99476.5615680098,30887.8890049817,-2010.9170911622,0,0
603,35972.5944790913,18097.5789948296,4000.24215060125,1,0
604,93610.5605683708,21402.619063389,4138.76456348092,0,0
605,77007.7876192114,40534.4362324193,-2219.54862942865,1,0
606,45482.2569233341,27838.3611736321,-1979.71159400843,0,0
607,37338.1024646533,4769.70929193021,2945.06708984175,0,0
608,42808.5127267975,-33074.8050321682,-4569.41660972755,1,0
609,97645.4646067854,23686.8529244106,1148.17459597918,0,0
610,19216.2170445,44297.9333437497,3244.6084717939,0,0
611,88213.1696882833,-54176.4796847018,2863.20044170974,1,0
612,100464.761069526,7.97534610346306e-13,-0.102252314868419,100,0
